timestamp_iso,route_id,label,origin,dest,price_usd,airline,stops,depart_date,booking_url
2026-07-21T02:48:28+00:00,nyc,New York,SFO,JFK,180,American,1,2026-08-19,https://www.google.com/travel/flights?q=Flights%20from%20SFO%20to%20JFK%20on%202026-08-19%20one%20way
2026-07-21T02:48:28+00:00,lax,Los Angeles,SFO,LAX,44,Frontier,0,2026-08-19,https://www.google.com/travel/flights?q=Flights%20from%20SFO%20to%20LAX%20on%202026-08-19%20one%20way
2026-07-21T02:48:28+00:00,sea,Seattle,SFO,SEA,79,United,0,2026-08-19,https://www.google.com/travel/flights?q=Flights%20from%20SFO%20to%20SEA%20on%202026-08-19%20one%20way
2026-07-21T02:48:28+00:00,hnl,Honolulu,SFO,HNL,157,,Unknown,2026-08-19,https://www.google.com/travel/flights?q=Flights%20from%20SFO%20to%20HNL%20on%202026-08-19%20one%20way
2026-07-21T10:50:43+00:00,nyc,New York,OAK,JFK,170,Delta,2,2026-08-19,https://www.google.com/travel/flights?q=Flights%20from%20OAK%20to%20JFK%20on%202026-08-19%20one%20way
2026-07-21T10:50:43+00:00,lax,Los Angeles,SFO,LAX,44,Frontier,0,2026-08-19,https://www.google.com/travel/flights?q=Flights%20from%20SFO%20to%20LAX%20on%202026-08-19%20one%20way
2026-07-21T10:50:43+00:00,sea,Seattle,SFO,SEA,79,United,0,2026-08-19,https://www.google.com/travel/flights?q=Flights%20from%20SFO%20to%20SEA%20on%202026-08-19%20one%20way
2026-07-21T10:50:43+00:00,hnl,Honolulu,SFO,HNL,157,Alaska,0,2026-08-19,https://www.google.com/travel/flights?q=Flights%20from%20SFO%20to%20HNL%20on%202026-08-19%20one%20way
2026-07-21T16:06:32+00:00,nyc,New York,OAK,JFK,170,Delta,2,2026-08-19,https://www.google.com/travel/flights?q=Flights%20from%20OAK%20to%20JFK%20on%202026-08-19%20one%20way
2026-07-21T16:06:32+00:00,lax,Los Angeles,SFO,LAX,43,Frontier,0,2026-08-19,https://www.google.com/travel/flights?q=Flights%20from%20SFO%20to%20LAX%20on%202026-08-19%20one%20way
2026-07-21T16:06:32+00:00,sea,Seattle,SFO,SEA,79,United,0,2026-08-19,https://www.google.com/travel/flights?q=Flights%20from%20SFO%20to%20SEA%20on%202026-08-19%20one%20way
2026-07-21T16:06:32+00:00,hnl,Honolulu,SFO,HNL,157,,Unknown,2026-08-19,https://www.google.com/travel/flights?q=Flights%20from%20SFO%20to%20HNL%20on%202026-08-19%20one%20way
2026-07-21T20:48:51+00:00,nrt-any,Tokyo (any airline),SFO,NRT,284,?,Unknown,2026-08-19,https://www.google.com/travel/flights?q=Flights%20from%20SFO%20to%20NRT%20on%202026-08-19%20one%20way
2026-07-21T20:48:51+00:00,tpe,Taipei,SFO,TPE,400,?,Unknown,2026-08-19,https://www.google.com/travel/flights?q=Flights%20from%20SFO%20to%20TPE%20on%202026-08-19%20one%20way
2026-07-22T00:05:16+00:00,nrt-any,Tokyo (any airline),SFO,NRT,284,ZIPAIR Tokyo,0,2026-08-19,https://www.google.com/travel/flights?q=Flights%20from%20SFO%20to%20NRT%20on%202026-08-19%20one%20way
2026-07-22T00:05:16+00:00,sgn,Ho Chi Minh City,SFO,SGN,517,STARLUX Airlines,1,2026-08-19,https://www.google.com/travel/flights?q=Flights%20from%20SFO%20to%20SGN%20on%202026-08-19%20one%20way
2026-07-22T00:05:16+00:00,tpe,Taipei,SFO,TPE,400,"Alaska, EVA Air",2,2026-08-19,https://www.google.com/travel/flights?q=Flights%20from%20SFO%20to%20TPE%20on%202026-08-19%20one%20way
2026-07-22T10:07:15+00:00,nrt-zg,Tokyo (ZIPAIR),SFO,NRT,284,ZIPAIR Tokyo,0,2026-08-19,https://www.google.com/travel/flights?q=Flights%20from%20SFO%20to%20NRT%20on%202026-08-19%20one%20way
2026-07-22T10:07:15+00:00,nrt-any,Tokyo (any airline),SFO,NRT,284,?,Unknown,2026-08-19,https://www.google.com/travel/flights?q=Flights%20from%20SFO%20to%20NRT%20on%202026-08-19%20one%20way
2026-07-22T10:07:15+00:00,sgn,Ho Chi Minh City,SFO,SGN,517,STARLUX Airlines,1,2026-08-19,https://www.google.com/travel/flights?q=Flights%20from%20SFO%20to%20SGN%20on%202026-08-19%20one%20way
2026-07-22T10:07:15+00:00,tpe,Taipei,SFO,TPE,400,?,Unknown,2026-08-19,https://www.google.com/travel/flights?q=Flights%20from%20SFO%20to%20TPE%20on%202026-08-19%20one%20way
2026-07-22T16:07:46+00:00,nrt-any,Tokyo (any airline),SFO,NRT,284,ZIPAIR Tokyo,0,2026-08-19,https://www.google.com/travel/flights?q=Flights%20from%20SFO%20to%20NRT%20on%202026-08-19%20one%20way
2026-07-22T16:07:46+00:00,sgn,Ho Chi Minh City,SFO,SGN,517,STARLUX Airlines,1,2026-08-19,https://www.google.com/travel/flights?q=Flights%20from%20SFO%20to%20SGN%20on%202026-08-19%20one%20way
2026-07-22T16:07:46+00:00,tpe,Taipei,SFO,TPE,400,"Alaska, EVA Air",2,2026-08-19,https://www.google.com/travel/flights?q=Flights%20from%20SFO%20to%20TPE%20on%202026-08-19%20one%20way
2026-07-22T20:43:06+00:00,nrt-any,Tokyo (any airline),SFO,NRT,284,?,Unknown,2026-08-19,https://www.google.com/travel/flights?q=Flights%20from%20SFO%20to%20NRT%20on%202026-08-19%20one%20way
2026-07-22T20:43:06+00:00,sgn,Ho Chi Minh City,SFO,SGN,517,STARLUX Airlines,1,2026-08-19,https://www.google.com/travel/flights?q=Flights%20from%20SFO%20to%20SGN%20on%202026-08-19%20one%20way
2026-07-22T20:43:06+00:00,tpe,Taipei,SFO,TPE,400,"Alaska, EVA Air",2,2026-08-19,https://www.google.com/travel/flights?q=Flights%20from%20SFO%20to%20TPE%20on%202026-08-19%20one%20way
2026-07-23T00:16:15+00:00,nrt-any,Tokyo (any airline),SFO,NRT,284,ZIPAIR Tokyo,0,2026-08-19,https://www.google.com/travel/flights?q=Flights%20from%20SFO%20to%20NRT%20on%202026-08-19%20one%20way
2026-07-23T00:16:15+00:00,tpe,Taipei,SFO,TPE,400,"Alaska, EVA Air",2,2026-08-19,https://www.google.com/travel/flights?q=Flights%20from%20SFO%20to%20TPE%20on%202026-08-19%20one%20way
2026-07-23T10:04:32+00:00,nrt-zg,Tokyo (ZIPAIR),SFO,NRT,284,ZIPAIR Tokyo,0,2026-08-19,https://www.google.com/travel/flights?q=Flights%20from%20SFO%20to%20NRT%20on%202026-08-19%20one%20way
2026-07-23T10:04:32+00:00,nrt-any,Tokyo (any airline),SFO,NRT,284,ZIPAIR Tokyo,0,2026-08-19,https://www.google.com/travel/flights?q=Flights%20from%20SFO%20to%20NRT%20on%202026-08-19%20one%20way
2026-07-23T10:04:32+00:00,sgn,Ho Chi Minh City,SFO,SGN,517,STARLUX Airlines,1,2026-08-19,https://www.google.com/travel/flights?q=Flights%20from%20SFO%20to%20SGN%20on%202026-08-19%20one%20way
2026-07-23T10:04:32+00:00,tpe,Taipei,SFO,TPE,400,?,Unknown,2026-08-19,https://www.google.com/travel/flights?q=Flights%20from%20SFO%20to%20TPE%20on%202026-08-19%20one%20way
2026-07-23T16:16:18+00:00,nrt-any,Tokyo (any airline),SFO,NRT,284,ZIPAIR Tokyo,0,2026-08-19,https://www.google.com/travel/flights?q=Flights%20from%20SFO%20to%20NRT%20on%202026-08-19%20one%20way
2026-07-23T16:16:18+00:00,sgn,Ho Chi Minh City,SFO,SGN,517,STARLUX Airlines,1,2026-08-19,https://www.google.com/travel/flights?q=Flights%20from%20SFO%20to%20SGN%20on%202026-08-19%20one%20way
2026-07-23T16:16:18+00:00,tpe,Taipei,SFO,TPE,400,"Alaska, EVA Air",2,2026-08-19,https://www.google.com/travel/flights?q=Flights%20from%20SFO%20to%20TPE%20on%202026-08-19%20one%20way
2026-07-23T20:39:30+00:00,nrt-any,Tokyo (any airline),SFO,NRT,284,?,Unknown,2026-08-19,https://www.google.com/travel/flights?q=Flights%20from%20SFO%20to%20NRT%20on%202026-08-19%20one%20way
2026-07-23T20:39:30+00:00,sgn,Ho Chi Minh City,SFO,SGN,517,STARLUX Airlines,1,2026-08-19,https://www.google.com/travel/flights?q=Flights%20from%20SFO%20to%20SGN%20on%202026-08-19%20one%20way
2026-07-23T20:39:30+00:00,tpe,Taipei,SFO,TPE,400,?,Unknown,2026-08-19,https://www.google.com/travel/flights?q=Flights%20from%20SFO%20to%20TPE%20on%202026-08-19%20one%20way
2026-07-24T00:13:45+00:00,nrt-zg,Tokyo (ZIPAIR),SFO,NRT,284,ZIPAIR Tokyo,0,2026-08-19,https://www.google.com/travel/flights?q=Flights%20from%20SFO%20to%20NRT%20on%202026-08-19%20one%20way
2026-07-24T00:13:45+00:00,nrt-any,Tokyo (any airline),SFO,NRT,284,?,Unknown,2026-08-19,https://www.google.com/travel/flights?q=Flights%20from%20SFO%20to%20NRT%20on%202026-08-19%20one%20way
2026-07-24T00:13:45+00:00,sgn,Ho Chi Minh City,SFO,SGN,517,STARLUX Airlines,1,2026-08-19,https://www.google.com/travel/flights?q=Flights%20from%20SFO%20to%20SGN%20on%202026-08-19%20one%20way
2026-07-24T00:13:45+00:00,tpe,Taipei,SFO,TPE,400,"Alaska, EVA Air",2,2026-08-19,https://www.google.com/travel/flights?q=Flights%20from%20SFO%20to%20TPE%20on%202026-08-19%20one%20way
2026-07-24T09:40:22+00:00,nrt-zg,Tokyo (ZIPAIR),SFO,NRT,284,ZIPAIR Tokyo,0,2026-08-19,https://www.google.com/travel/flights?q=Flights%20from%20SFO%20to%20NRT%20on%202026-08-19%20one%20way
2026-07-24T09:40:22+00:00,nrt-any,Tokyo (any airline),SFO,NRT,284,ZIPAIR Tokyo,0,2026-08-19,https://www.google.com/travel/flights?q=Flights%20from%20SFO%20to%20NRT%20on%202026-08-19%20one%20way
2026-07-24T09:40:22+00:00,sgn,Ho Chi Minh City,SFO,SGN,453,China Airlines,1,2026-08-19,https://www.google.com/travel/flights?q=Flights%20from%20SFO%20to%20SGN%20on%202026-08-19%20one%20way
2026-07-24T09:40:22+00:00,tpe,Taipei,SFO,TPE,400,?,Unknown,2026-08-19,https://www.google.com/travel/flights?q=Flights%20from%20SFO%20to%20TPE%20on%202026-08-19%20one%20way
2026-07-24T15:18:21+00:00,nrt-any,Tokyo (any airline),SFO,NRT,284,ZIPAIR Tokyo,0,2026-08-19,https://www.google.com/travel/flights?q=Flights%20from%20SFO%20to%20NRT%20on%202026-08-19%20one%20way
2026-07-24T15:18:21+00:00,sgn,Ho Chi Minh City,SJC,SGN,537,"Delta, Vietnam Airlines",2,2026-08-19,https://www.google.com/travel/flights?q=Flights%20from%20SJC%20to%20SGN%20on%202026-08-19%20one%20way
2026-07-24T15:18:21+00:00,tpe,Taipei,OAK,TPE,413,"Alaska, Asiana Airlines",2,2026-08-19,https://www.google.com/travel/flights?q=Flights%20from%20OAK%20to%20TPE%20on%202026-08-19%20one%20way
2026-07-24T20:46:09+00:00,nrt-any,Tokyo (any airline),SFO,NRT,284,ZIPAIR Tokyo,0,2026-08-19,https://www.google.com/travel/flights?q=Flights%20from%20SFO%20to%20NRT%20on%202026-08-19%20one%20way
2026-07-24T20:46:09+00:00,sgn,Ho Chi Minh City,SFO,SGN,453,China Airlines,1,2026-08-19,https://www.google.com/travel/flights?q=Flights%20from%20SFO%20to%20SGN%20on%202026-08-19%20one%20way
2026-07-24T20:46:09+00:00,tpe,Taipei,OAK,TPE,413,"Alaska, Asiana Airlines",2,2026-08-19,https://www.google.com/travel/flights?q=Flights%20from%20OAK%20to%20TPE%20on%202026-08-19%20one%20way
2026-07-25T06:06:05+00:00,nrt-zg,Tokyo (ZIPAIR),SFO,NRT,284,ZIPAIR Tokyo,0,2026-08-19,https://www.google.com/travel/flights?q=Flights%20from%20SFO%20to%20NRT%20on%202026-08-19%20one%20way
2026-07-25T06:06:05+00:00,nrt-any,Tokyo (any airline),SFO,NRT,284,?,Unknown,2026-08-19,https://www.google.com/travel/flights?q=Flights%20from%20SFO%20to%20NRT%20on%202026-08-19%20one%20way
2026-07-25T06:06:05+00:00,sgn,Ho Chi Minh City,SFO,SGN,453,China Airlines,1,2026-08-19,https://www.google.com/travel/flights?q=Flights%20from%20SFO%20to%20SGN%20on%202026-08-19%20one%20way
2026-07-25T06:06:05+00:00,tpe,Taipei,OAK,TPE,413,?,Unknown,2026-08-19,https://www.google.com/travel/flights?q=Flights%20from%20OAK%20to%20TPE%20on%202026-08-19%20one%20way
2026-07-25T11:03:08+00:00,nrt-any,Tokyo (any airline),SFO,NRT,284,ZIPAIR Tokyo,0,2026-08-19,https://www.google.com/travel/flights?q=Flights%20from%20SFO%20to%20NRT%20on%202026-08-19%20one%20way
2026-07-25T11:03:08+00:00,sgn,Ho Chi Minh City,SJC,SGN,537,"Delta, Vietnam Airlines",2,2026-08-19,https://www.google.com/travel/flights?q=Flights%20from%20SJC%20to%20SGN%20on%202026-08-19%20one%20way
2026-07-25T11:03:08+00:00,tpe,Taipei,OAK,TPE,413,?,Unknown,2026-08-19,https://www.google.com/travel/flights?q=Flights%20from%20OAK%20to%20TPE%20on%202026-08-19%20one%20way
2026-07-25T14:49:53+00:00,nrt-zg,Tokyo (ZIPAIR),SFO,NRT,284,ZIPAIR Tokyo,0,2026-08-19,https://www.google.com/travel/flights?q=Flights%20from%20SFO%20to%20NRT%20on%202026-08-19%20one%20way
2026-07-25T14:49:53+00:00,nrt-any,Tokyo (any airline),SFO,NRT,284,?,Unknown,2026-08-19,https://www.google.com/travel/flights?q=Flights%20from%20SFO%20to%20NRT%20on%202026-08-19%20one%20way
2026-07-25T14:49:53+00:00,sgn,Ho Chi Minh City,SFO,SGN,453,China Airlines,1,2026-08-19,https://www.google.com/travel/flights?q=Flights%20from%20SFO%20to%20SGN%20on%202026-08-19%20one%20way
2026-07-25T14:49:53+00:00,tpe,Taipei,OAK,TPE,413,"Alaska, Asiana Airlines",2,2026-08-19,https://www.google.com/travel/flights?q=Flights%20from%20OAK%20to%20TPE%20on%202026-08-19%20one%20way
2026-07-25T18:07:20+00:00,nrt-any,Tokyo (any airline),SFO,NRT,284,?,Unknown,2026-08-19,https://www.google.com/travel/flights?q=Flights%20from%20SFO%20to%20NRT%20on%202026-08-19%20one%20way
2026-07-25T18:07:20+00:00,sgn,Ho Chi Minh City,OAK,SGN,580,"Alaska, Cathay Pacific, Vietnam Airlines",2,2026-08-19,https://www.google.com/travel/flights?q=Flights%20from%20OAK%20to%20SGN%20on%202026-08-19%20one%20way
2026-07-25T18:07:20+00:00,tpe,Taipei,OAK,TPE,413,"Alaska, Asiana Airlines",2,2026-08-19,https://www.google.com/travel/flights?q=Flights%20from%20OAK%20to%20TPE%20on%202026-08-19%20one%20way
2026-07-25T21:46:03+00:00,nrt-zg,Tokyo (ZIPAIR),SFO,NRT,284,ZIPAIR Tokyo,0,2026-08-19,https://www.google.com/travel/flights?q=Flights%20from%20SFO%20to%20NRT%20on%202026-08-19%20one%20way
2026-07-25T21:46:03+00:00,nrt-any,Tokyo (any airline),SFO,NRT,284,ZIPAIR Tokyo,0,2026-08-19,https://www.google.com/travel/flights?q=Flights%20from%20SFO%20to%20NRT%20on%202026-08-19%20one%20way
2026-07-25T21:46:03+00:00,sgn,Ho Chi Minh City,SJC,SGN,537,"Delta, Vietnam Airlines",2,2026-08-19,https://www.google.com/travel/flights?q=Flights%20from%20SJC%20to%20SGN%20on%202026-08-19%20one%20way
2026-07-25T21:46:03+00:00,tpe,Taipei,OAK,TPE,413,"Alaska, Asiana Airlines",2,2026-08-19,https://www.google.com/travel/flights?q=Flights%20from%20OAK%20to%20TPE%20on%202026-08-19%20one%20way
2026-07-26T07:45:33+00:00,nrt-any,Tokyo (any airline),SFO,NRT,284,ZIPAIR Tokyo,0,2026-08-19,https://www.google.com/travel/flights?q=Flights%20from%20SFO%20to%20NRT%20on%202026-08-19%20one%20way
2026-07-26T07:45:33+00:00,sgn,Ho Chi Minh City,SFO,SGN,480,China Airlines,1,2026-08-19,https://www.google.com/travel/flights?q=Flights%20from%20SFO%20to%20SGN%20on%202026-08-19%20one%20way
2026-07-26T07:45:33+00:00,tpe,Taipei,OAK,TPE,413,"Alaska, Asiana Airlines",2,2026-08-19,https://www.google.com/travel/flights?q=Flights%20from%20OAK%20to%20TPE%20on%202026-08-19%20one%20way
2026-07-26T11:48:16+00:00,nrt-zg,Tokyo (ZIPAIR),SFO,NRT,284,ZIPAIR Tokyo,0,2026-08-19,https://www.google.com/travel/flights?q=Flights%20from%20SFO%20to%20NRT%20on%202026-08-19%20one%20way
2026-07-26T11:48:16+00:00,nrt-any,Tokyo (any airline),SFO,NRT,284,ZIPAIR Tokyo,0,2026-08-19,https://www.google.com/travel/flights?q=Flights%20from%20SFO%20to%20NRT%20on%202026-08-19%20one%20way
2026-07-26T11:48:16+00:00,sgn,Ho Chi Minh City,SFO,SGN,480,China Airlines,1,2026-08-19,https://www.google.com/travel/flights?q=Flights%20from%20SFO%20to%20SGN%20on%202026-08-19%20one%20way
2026-07-26T11:48:16+00:00,tpe,Taipei,OAK,TPE,413,"Alaska, Asiana Airlines",2,2026-08-19,https://www.google.com/travel/flights?q=Flights%20from%20OAK%20to%20TPE%20on%202026-08-19%20one%20way
2026-07-26T15:45:02+00:00,sgn,Ho Chi Minh City,OAK,SGN,580,"Alaska, Cathay Pacific, Vietnam Airlines",2,2026-08-19,https://www.google.com/travel/flights?q=Flights%20from%20OAK%20to%20SGN%20on%202026-08-19%20one%20way
2026-07-26T20:15:44+00:00,nrt-any,Tokyo (any airline),SFO,NRT,284,ZIPAIR Tokyo,0,2026-08-19,https://www.google.com/travel/flights?q=Flights%20from%20SFO%20to%20NRT%20on%202026-08-19%20one%20way
2026-07-26T20:15:44+00:00,sgn,Ho Chi Minh City,SJC,SGN,564,"Delta, Vietnam Airlines",2,2026-08-19,https://www.google.com/travel/flights?q=Flights%20from%20SJC%20to%20SGN%20on%202026-08-19%20one%20way
2026-07-26T20:15:44+00:00,tpe,Taipei,OAK,TPE,413,"Alaska, Asiana Airlines",2,2026-08-19,https://www.google.com/travel/flights?q=Flights%20from%20OAK%20to%20TPE%20on%202026-08-19%20one%20way
2026-07-27T08:59:25+00:00,nrt-any,Tokyo (any airline),SFO,NRT,284,ZIPAIR Tokyo,0,2026-08-19,https://www.google.com/travel/flights?q=Flights%20from%20SFO%20to%20NRT%20on%202026-08-19%20one%20way
2026-07-27T08:59:25+00:00,sgn,Ho Chi Minh City,SJC,SGN,564,"Delta, Vietnam Airlines",2,2026-08-19,https://www.google.com/travel/flights?q=Flights%20from%20SJC%20to%20SGN%20on%202026-08-19%20one%20way
2026-07-27T08:59:25+00:00,tpe,Taipei,OAK,TPE,413,"Alaska, Asiana Airlines",2,2026-08-19,https://www.google.com/travel/flights?q=Flights%20from%20OAK%20to%20TPE%20on%202026-08-19%20one%20way
2026-07-27T16:50:32+00:00,nrt-any,Tokyo (any airline),SFO,NRT,284,ZIPAIR Tokyo,0,2026-08-19,https://www.google.com/travel/flights?q=Flights%20from%20SFO%20to%20NRT%20on%202026-08-19%20one%20way
2026-07-27T16:50:32+00:00,tpe,Taipei,SFO,TPE,427,"Alaska, EVA Air",2,2026-08-19,https://www.google.com/travel/flights?q=Flights%20from%20SFO%20to%20TPE%20on%202026-08-19%20one%20way
2026-07-27T20:56:02+00:00,nrt-any,Tokyo (any airline),SFO,NRT,284,?,Unknown,2026-08-19,https://www.google.com/travel/flights?q=Flights%20from%20SFO%20to%20NRT%20on%202026-08-19%20one%20way
2026-07-27T20:56:02+00:00,sgn,Ho Chi Minh City,SJC,SGN,564,"Delta, Vietnam Airlines",2,2026-08-19,https://www.google.com/travel/flights?q=Flights%20from%20SJC%20to%20SGN%20on%202026-08-19%20one%20way
2026-07-27T20:56:02+00:00,tpe,Taipei,OAK,TPE,413,?,Unknown,2026-08-19,https://www.google.com/travel/flights?q=Flights%20from%20OAK%20to%20TPE%20on%202026-08-19%20one%20way
2026-07-28T00:13:19+00:00,nrt-zg,Tokyo (ZIPAIR),SFO,NRT,284,ZIPAIR Tokyo,0,2026-08-19,https://www.google.com/travel/flights?q=Flights%20from%20SFO%20to%20NRT%20on%202026-08-19%20one%20way
2026-07-28T00:13:19+00:00,nrt-any,Tokyo (any airline),SFO,NRT,284,ZIPAIR Tokyo,0,2026-08-19,https://www.google.com/travel/flights?q=Flights%20from%20SFO%20to%20NRT%20on%202026-08-19%20one%20way
2026-07-28T00:13:19+00:00,sgn,Ho Chi Minh City,SFO,SGN,480,China Airlines,1,2026-08-19,https://www.google.com/travel/flights?q=Flights%20from%20SFO%20to%20SGN%20on%202026-08-19%20one%20way
2026-07-28T00:13:19+00:00,tpe,Taipei,OAK,TPE,413,?,Unknown,2026-08-19,https://www.google.com/travel/flights?q=Flights%20from%20OAK%20to%20TPE%20on%202026-08-19%20one%20way
2026-07-28T10:16:00+00:00,nrt-zg,Tokyo (ZIPAIR),SFO,NRT,284,ZIPAIR Tokyo,0,2026-08-19,https://www.google.com/travel/flights?q=Flights%20from%20SFO%20to%20NRT%20on%202026-08-19%20one%20way
2026-07-28T10:16:00+00:00,nrt-any,Tokyo (any airline),SFO,NRT,284,ZIPAIR Tokyo,0,2026-08-19,https://www.google.com/travel/flights?q=Flights%20from%20SFO%20to%20NRT%20on%202026-08-19%20one%20way
2026-07-28T10:16:00+00:00,tpe,Taipei,OAK,TPE,413,"Alaska, Asiana Airlines",2,2026-08-19,https://www.google.com/travel/flights?q=Flights%20from%20OAK%20to%20TPE%20on%202026-08-19%20one%20way
2026-07-28T16:52:54+00:00,nrt-zg,Tokyo (ZIPAIR),SFO,NRT,284,ZIPAIR Tokyo,0,2026-08-19,https://www.google.com/travel/flights?q=Flights%20from%20SFO%20to%20NRT%20on%202026-08-19%20one%20way
2026-07-28T16:52:54+00:00,nrt-any,Tokyo (any airline),SFO,NRT,284,ZIPAIR Tokyo,0,2026-08-19,https://www.google.com/travel/flights?q=Flights%20from%20SFO%20to%20NRT%20on%202026-08-19%20one%20way
2026-07-28T16:52:54+00:00,sgn,Ho Chi Minh City,SFO,SGN,480,China Airlines,1,2026-08-19,https://www.google.com/travel/flights?q=Flights%20from%20SFO%20to%20SGN%20on%202026-08-19%20one%20way
2026-07-28T16:52:54+00:00,tpe,Taipei,OAK,TPE,413,?,Unknown,2026-08-19,https://www.google.com/travel/flights?q=Flights%20from%20OAK%20to%20TPE%20on%202026-08-19%20one%20way
2026-07-28T20:48:19+00:00,nrt-zg,Tokyo (ZIPAIR),SFO,NRT,284,ZIPAIR Tokyo,0,2026-08-19,https://www.google.com/travel/flights?q=Flights%20from%20SFO%20to%20NRT%20on%202026-08-19%20one%20way
2026-07-28T20:48:19+00:00,nrt-any,Tokyo (any airline),SFO,NRT,284,?,Unknown,2026-08-19,https://www.google.com/travel/flights?q=Flights%20from%20SFO%20to%20NRT%20on%202026-08-19%20one%20way
2026-07-28T20:48:19+00:00,sgn,Ho Chi Minh City,SFO,SGN,480,China Airlines,1,2026-08-19,https://www.google.com/travel/flights?q=Flights%20from%20SFO%20to%20SGN%20on%202026-08-19%20one%20way
2026-07-28T20:48:19+00:00,tpe,Taipei,OAK,TPE,413,"Alaska, Asiana Airlines",2,2026-08-19,https://www.google.com/travel/flights?q=Flights%20from%20OAK%20to%20TPE%20on%202026-08-19%20one%20way
2026-07-29T00:10:52+00:00,nrt-zg,Tokyo (ZIPAIR),SFO,NRT,284,ZIPAIR Tokyo,0,2026-08-19,https://www.google.com/travel/flights?q=Flights%20from%20SFO%20to%20NRT%20on%202026-08-19%20one%20way
2026-07-29T00:10:52+00:00,nrt-any,Tokyo (any airline),SFO,NRT,284,ZIPAIR Tokyo,0,2026-08-19,https://www.google.com/travel/flights?q=Flights%20from%20SFO%20to%20NRT%20on%202026-08-19%20one%20way
2026-07-29T00:10:52+00:00,sgn,Ho Chi Minh City,OAK,SGN,580,"Alaska, Cathay Pacific, Vietnam Airlines",2,2026-08-19,https://www.google.com/travel/flights?q=Flights%20from%20OAK%20to%20SGN%20on%202026-08-19%20one%20way
2026-07-29T00:10:52+00:00,tpe,Taipei,OAK,TPE,413,"Alaska, Asiana Airlines",2,2026-08-19,https://www.google.com/travel/flights?q=Flights%20from%20OAK%20to%20TPE%20on%202026-08-19%20one%20way
2026-07-29T10:49:00+00:00,nrt-any,Tokyo (any airline),SFO,NRT,284,ZIPAIR Tokyo,0,2026-08-19,https://www.google.com/travel/flights?q=Flights%20from%20SFO%20to%20NRT%20on%202026-08-19%20one%20way
2026-07-29T10:49:00+00:00,sgn,Ho Chi Minh City,SFO,SGN,480,China Airlines,1,2026-08-19,https://www.google.com/travel/flights?q=Flights%20from%20SFO%20to%20SGN%20on%202026-08-19%20one%20way
2026-07-29T10:49:00+00:00,tpe,Taipei,OAK,TPE,410,"Alaska, Asiana Airlines",2,2026-08-19,https://www.google.com/travel/flights?q=Flights%20from%20OAK%20to%20TPE%20on%202026-08-19%20one%20way
2026-07-29T16:11:49+00:00,nrt-zg,Tokyo (ZIPAIR),SFO,NRT,284,ZIPAIR Tokyo,0,2026-08-19,https://www.google.com/travel/flights?q=Flights%20from%20SFO%20to%20NRT%20on%202026-08-19%20one%20way
2026-07-29T16:11:49+00:00,nrt-any,Tokyo (any airline),SFO,NRT,284,ZIPAIR Tokyo,0,2026-08-19,https://www.google.com/travel/flights?q=Flights%20from%20SFO%20to%20NRT%20on%202026-08-19%20one%20way
2026-07-29T16:11:49+00:00,sgn,Ho Chi Minh City,OAK,SGN,580,"Alaska, Cathay Pacific, Vietnam Airlines",2,2026-08-19,https://www.google.com/travel/flights?q=Flights%20from%20OAK%20to%20SGN%20on%202026-08-19%20one%20way
2026-07-29T16:11:49+00:00,tpe,Taipei,OAK,TPE,410,"Alaska, Asiana Airlines",2,2026-08-19,https://www.google.com/travel/flights?q=Flights%20from%20OAK%20to%20TPE%20on%202026-08-19%20one%20way
2026-07-29T20:32:28+00:00,nrt-zg,Tokyo (ZIPAIR),SFO,NRT,284,ZIPAIR Tokyo,0,2026-08-19,https://www.google.com/travel/flights?q=Flights%20from%20SFO%20to%20NRT%20on%202026-08-19%20one%20way
2026-07-29T20:32:28+00:00,nrt-any,Tokyo (any airline),SFO,NRT,284,?,Unknown,2026-08-19,https://www.google.com/travel/flights?q=Flights%20from%20SFO%20to%20NRT%20on%202026-08-19%20one%20way
2026-07-29T20:32:28+00:00,sgn,Ho Chi Minh City,SJC,SGN,484,"Delta, Vietnam Airlines",2,2026-08-19,https://www.google.com/travel/flights?q=Flights%20from%20SJC%20to%20SGN%20on%202026-08-19%20one%20way
2026-07-29T20:32:28+00:00,tpe,Taipei,OAK,TPE,390,"Alaska, Asiana Airlines",2,2026-08-19,https://www.google.com/travel/flights?q=Flights%20from%20OAK%20to%20TPE%20on%202026-08-19%20one%20way
2026-07-30T00:14:08+00:00,nrt-zg,Tokyo (ZIPAIR),SFO,NRT,284,ZIPAIR Tokyo,0,2026-08-19,https://www.google.com/travel/flights?q=Flights%20from%20SFO%20to%20NRT%20on%202026-08-19%20one%20way
2026-07-30T00:14:08+00:00,nrt-any,Tokyo (any airline),SFO,NRT,284,?,Unknown,2026-08-19,https://www.google.com/travel/flights?q=Flights%20from%20SFO%20to%20NRT%20on%202026-08-19%20one%20way
2026-07-30T00:14:08+00:00,sgn,Ho Chi Minh City,SFO,SGN,480,China Airlines,1,2026-08-19,https://www.google.com/travel/flights?q=Flights%20from%20SFO%20to%20SGN%20on%202026-08-19%20one%20way
2026-07-30T00:14:08+00:00,tpe,Taipei,OAK,TPE,390,"Alaska, Asiana Airlines",2,2026-08-19,https://www.google.com/travel/flights?q=Flights%20from%20OAK%20to%20TPE%20on%202026-08-19%20one%20way
2026-07-30T10:02:16+00:00,nrt-zg,Tokyo (ZIPAIR),SFO,NRT,284,ZIPAIR Tokyo,0,2026-08-19,https://www.google.com/travel/flights?q=Flights%20from%20SFO%20to%20NRT%20on%202026-08-19%20one%20way
2026-07-30T10:02:16+00:00,nrt-any,Tokyo (any airline),SFO,NRT,284,ZIPAIR Tokyo,0,2026-08-19,https://www.google.com/travel/flights?q=Flights%20from%20SFO%20to%20NRT%20on%202026-08-19%20one%20way
2026-07-30T10:02:16+00:00,sgn,Ho Chi Minh City,SFO,SGN,480,China Airlines,1,2026-08-19,https://www.google.com/travel/flights?q=Flights%20from%20SFO%20to%20SGN%20on%202026-08-19%20one%20way
2026-07-30T10:02:16+00:00,tpe,Taipei,OAK,TPE,410,"Alaska, Asiana Airlines",2,2026-08-19,https://www.google.com/travel/flights?q=Flights%20from%20OAK%20to%20TPE%20on%202026-08-19%20one%20way
2026-07-30T16:17:37+00:00,nrt-zg,Tokyo (ZIPAIR),SFO,NRT,284,ZIPAIR Tokyo,0,2026-08-19,https://www.google.com/travel/flights?q=Flights%20from%20SFO%20to%20NRT%20on%202026-08-19%20one%20way
2026-07-30T16:17:37+00:00,nrt-any,Tokyo (any airline),SFO,NRT,284,ZIPAIR Tokyo,0,2026-08-19,https://www.google.com/travel/flights?q=Flights%20from%20SFO%20to%20NRT%20on%202026-08-19%20one%20way
2026-07-30T16:17:37+00:00,tpe,Taipei,OAK,TPE,410,?,Unknown,2026-08-19,https://www.google.com/travel/flights?q=Flights%20from%20OAK%20to%20TPE%20on%202026-08-19%20one%20way
2026-07-30T20:46:34+00:00,nrt-zg,Tokyo (ZIPAIR),SFO,NRT,284,ZIPAIR Tokyo,0,2026-08-19,https://www.google.com/travel/flights?q=Flights%20from%20SFO%20to%20NRT%20on%202026-08-19%20one%20way
2026-07-30T20:46:34+00:00,nrt-any,Tokyo (any airline),SFO,NRT,284,?,Unknown,2026-08-19,https://www.google.com/travel/flights?q=Flights%20from%20SFO%20to%20NRT%20on%202026-08-19%20one%20way
2026-07-30T20:46:34+00:00,sgn,Ho Chi Minh City,SJC,SGN,484,"Delta, Vietnam Airlines",2,2026-08-19,https://www.google.com/travel/flights?q=Flights%20from%20SJC%20to%20SGN%20on%202026-08-19%20one%20way
2026-07-30T20:46:34+00:00,tpe,Taipei,OAK,TPE,410,"Alaska, Asiana Airlines",2,2026-08-19,https://www.google.com/travel/flights?q=Flights%20from%20OAK%20to%20TPE%20on%202026-08-19%20one%20way
2026-07-31T08:10:04+00:00,nrt-zg,Tokyo (ZIPAIR),SFO,NRT,284,ZIPAIR Tokyo,0,2026-08-19,https://www.google.com/travel/flights?q=Flights%20from%20SFO%20to%20NRT%20on%202026-08-19%20one%20way
2026-07-31T08:10:04+00:00,nrt-any,Tokyo (any airline),SFO,NRT,284,ZIPAIR Tokyo,0,2026-08-19,https://www.google.com/travel/flights?q=Flights%20from%20SFO%20to%20NRT%20on%202026-08-19%20one%20way
2026-07-31T08:10:04+00:00,sgn,Ho Chi Minh City,SFO,SGN,480,China Airlines,1,2026-08-19,https://www.google.com/travel/flights?q=Flights%20from%20SFO%20to%20SGN%20on%202026-08-19%20one%20way
2026-07-31T08:10:04+00:00,tpe,Taipei,OAK,TPE,410,?,Unknown,2026-08-19,https://www.google.com/travel/flights?q=Flights%20from%20OAK%20to%20TPE%20on%202026-08-19%20one%20way
2026-07-31T16:14:08+00:00,nrt-any,Tokyo (any airline),SJC,NRT,481,"Alaska, JAL",1,2026-08-19,https://www.google.com/travel/flights?q=Flights%20from%20SJC%20to%20NRT%20on%202026-08-19%20one%20way
2026-07-31T16:14:08+00:00,tpe,Taipei,OAK,TPE,410,?,Unknown,2026-08-19,https://www.google.com/travel/flights?q=Flights%20from%20OAK%20to%20TPE%20on%202026-08-19%20one%20way
2026-07-31T20:50:24+00:00,nrt-zg,Tokyo (ZIPAIR),SFO,NRT,284,ZIPAIR Tokyo,0,2026-08-19,https://www.google.com/travel/flights?q=Flights%20from%20SFO%20to%20NRT%20on%202026-08-19%20one%20way
2026-07-31T20:50:24+00:00,nrt-any,Tokyo (any airline),SFO,NRT,284,ZIPAIR Tokyo,0,2026-08-19,https://www.google.com/travel/flights?q=Flights%20from%20SFO%20to%20NRT%20on%202026-08-19%20one%20way
2026-07-31T20:50:24+00:00,sgn,Ho Chi Minh City,SFO,SGN,480,China Airlines,1,2026-08-19,https://www.google.com/travel/flights?q=Flights%20from%20SFO%20to%20SGN%20on%202026-08-19%20one%20way
2026-07-31T20:50:24+00:00,tpe,Taipei,OAK,TPE,410,?,Unknown,2026-08-19,https://www.google.com/travel/flights?q=Flights%20from%20OAK%20to%20TPE%20on%202026-08-19%20one%20way
2026-08-01T00:13:33+00:00,nrt-any,Tokyo (any airline),SFO,NRT,284,ZIPAIR Tokyo,0,2026-08-19,https://www.google.com/travel/flights?q=Flights%20from%20SFO%20to%20NRT%20on%202026-08-19%20one%20way
2026-08-01T00:13:33+00:00,tpe,Taipei,OAK,TPE,410,"Alaska, Asiana Airlines",2,2026-08-19,https://www.google.com/travel/flights?q=Flights%20from%20OAK%20to%20TPE%20on%202026-08-19%20one%20way
2026-08-01T08:57:24+00:00,nrt-any,Tokyo (any airline),SFO,NRT,284,ZIPAIR Tokyo,0,2026-08-19,https://www.google.com/travel/flights?q=Flights%20from%20SFO%20to%20NRT%20on%202026-08-19%20one%20way
2026-08-01T08:57:24+00:00,sgn,Ho Chi Minh City,SJC,SGN,484,"Delta, Vietnam Airlines",2,2026-08-19,https://www.google.com/travel/flights?q=Flights%20from%20SJC%20to%20SGN%20on%202026-08-19%20one%20way
2026-08-01T08:57:24+00:00,tpe,Taipei,OAK,TPE,410,?,Unknown,2026-08-19,https://www.google.com/travel/flights?q=Flights%20from%20OAK%20to%20TPE%20on%202026-08-19%20one%20way
2026-08-01T12:17:05+00:00,nrt-zg,Tokyo (ZIPAIR),SFO,NRT,284,ZIPAIR Tokyo,0,2026-08-19,https://www.google.com/travel/flights?q=Flights%20from%20SFO%20to%20NRT%20on%202026-08-19%20one%20way
2026-08-01T12:17:05+00:00,nrt-any,Tokyo (any airline),SFO,NRT,284,?,Unknown,2026-08-19,https://www.google.com/travel/flights?q=Flights%20from%20SFO%20to%20NRT%20on%202026-08-19%20one%20way
2026-08-01T12:17:05+00:00,sgn,Ho Chi Minh City,SJC,SGN,484,"Delta, Vietnam Airlines",2,2026-08-19,https://www.google.com/travel/flights?q=Flights%20from%20SJC%20to%20SGN%20on%202026-08-19%20one%20way
2026-08-01T12:17:05+00:00,tpe,Taipei,OAK,TPE,410,"Alaska, Asiana Airlines",2,2026-08-19,https://www.google.com/travel/flights?q=Flights%20from%20OAK%20to%20TPE%20on%202026-08-19%20one%20way
2026-08-01T16:29:12+00:00,nrt-zg,Tokyo (ZIPAIR),SFO,NRT,284,ZIPAIR Tokyo,0,2026-08-19,https://www.google.com/travel/flights?q=Flights%20from%20SFO%20to%20NRT%20on%202026-08-19%20one%20way
2026-08-01T16:29:12+00:00,nrt-any,Tokyo (any airline),SFO,NRT,284,ZIPAIR Tokyo,0,2026-08-19,https://www.google.com/travel/flights?q=Flights%20from%20SFO%20to%20NRT%20on%202026-08-19%20one%20way
2026-08-01T16:29:12+00:00,sgn,Ho Chi Minh City,SFO,SGN,456,STARLUX Airlines,1,2026-08-19,https://www.google.com/travel/flights?q=Flights%20from%20SFO%20to%20SGN%20on%202026-08-19%20one%20way
2026-08-01T16:29:12+00:00,tpe,Taipei,OAK,TPE,410,"Alaska, Asiana Airlines",2,2026-08-19,https://www.google.com/travel/flights?q=Flights%20from%20OAK%20to%20TPE%20on%202026-08-19%20one%20way
2026-08-01T20:15:35+00:00,nrt-zg,Tokyo (ZIPAIR),SFO,NRT,284,ZIPAIR Tokyo,0,2026-08-19,https://www.google.com/travel/flights?q=Flights%20from%20SFO%20to%20NRT%20on%202026-08-19%20one%20way
2026-08-01T20:15:35+00:00,nrt-any,Tokyo (any airline),SFO,NRT,284,ZIPAIR Tokyo,0,2026-08-19,https://www.google.com/travel/flights?q=Flights%20from%20SFO%20to%20NRT%20on%202026-08-19%20one%20way
2026-08-01T20:15:35+00:00,sgn,Ho Chi Minh City,SFO,SGN,456,STARLUX Airlines,1,2026-08-19,https://www.google.com/travel/flights?q=Flights%20from%20SFO%20to%20SGN%20on%202026-08-19%20one%20way
2026-08-01T20:15:35+00:00,tpe,Taipei,OAK,TPE,410,"Alaska, Asiana Airlines",2,2026-08-19,https://www.google.com/travel/flights?q=Flights%20from%20OAK%20to%20TPE%20on%202026-08-19%20one%20way
2026-08-02T00:17:56+00:00,nrt-any,Tokyo (any airline),SFO,NRT,284,ZIPAIR Tokyo,0,2026-08-19,https://www.google.com/travel/flights?q=Flights%20from%20SFO%20to%20NRT%20on%202026-08-19%20one%20way
2026-08-02T00:17:56+00:00,sgn,Ho Chi Minh City,SFO,SGN,456,STARLUX Airlines,1,2026-08-19,https://www.google.com/travel/flights?q=Flights%20from%20SFO%20to%20SGN%20on%202026-08-19%20one%20way
2026-08-02T00:17:56+00:00,tpe,Taipei,OAK,TPE,410,?,Unknown,2026-08-19,https://www.google.com/travel/flights?q=Flights%20from%20OAK%20to%20TPE%20on%202026-08-19%20one%20way
2026-08-02T09:17:42+00:00,nrt-any,Tokyo (any airline),SFO,NRT,284,?,Unknown,2026-08-19,https://www.google.com/travel/flights?q=Flights%20from%20SFO%20to%20NRT%20on%202026-08-19%20one%20way
2026-08-02T09:17:42+00:00,tpe,Taipei,OAK,TPE,410,?,Unknown,2026-08-19,https://www.google.com/travel/flights?q=Flights%20from%20OAK%20to%20TPE%20on%202026-08-19%20one%20way
2026-08-02T14:47:04+00:00,nrt-zg,Tokyo (ZIPAIR),SFO,NRT,284,ZIPAIR Tokyo,0,2026-08-19,https://www.google.com/travel/flights?q=Flights%20from%20SFO%20to%20NRT%20on%202026-08-19%20one%20way
2026-08-02T14:47:04+00:00,nrt-any,Tokyo (any airline),SFO,NRT,284,?,Unknown,2026-08-19,https://www.google.com/travel/flights?q=Flights%20from%20SFO%20to%20NRT%20on%202026-08-19%20one%20way
2026-08-02T14:47:04+00:00,sgn,Ho Chi Minh City,SJC,SGN,484,"Delta, Vietnam Airlines",2,2026-08-19,https://www.google.com/travel/flights?q=Flights%20from%20SJC%20to%20SGN%20on%202026-08-19%20one%20way
2026-08-02T14:47:04+00:00,tpe,Taipei,OAK,TPE,410,"Alaska, Asiana Airlines",2,2026-08-19,https://www.google.com/travel/flights?q=Flights%20from%20OAK%20to%20TPE%20on%202026-08-19%20one%20way
2026-08-02T18:14:07+00:00,nrt-zg,Tokyo (ZIPAIR),SFO,NRT,284,ZIPAIR Tokyo,0,2026-08-19,https://www.google.com/travel/flights?q=Flights%20from%20SFO%20to%20NRT%20on%202026-08-19%20one%20way
2026-08-02T18:14:07+00:00,nrt-any,Tokyo (any airline),SFO,NRT,284,ZIPAIR Tokyo,0,2026-08-19,https://www.google.com/travel/flights?q=Flights%20from%20SFO%20to%20NRT%20on%202026-08-19%20one%20way
2026-08-02T18:14:07+00:00,sgn,Ho Chi Minh City,OAK,SGN,582,"Alaska, China Airlines",2,2026-08-19,https://www.google.com/travel/flights?q=Flights%20from%20OAK%20to%20SGN%20on%202026-08-19%20one%20way
2026-08-02T18:14:07+00:00,tpe,Taipei,OAK,TPE,410,"Alaska, Asiana Airlines",2,2026-08-19,https://www.google.com/travel/flights?q=Flights%20from%20OAK%20to%20TPE%20on%202026-08-19%20one%20way
2026-08-02T22:13:08+00:00,nrt-any,Tokyo (any airline),SFO,NRT,284,?,Unknown,2026-08-19,https://www.google.com/travel/flights?q=Flights%20from%20SFO%20to%20NRT%20on%202026-08-19%20one%20way
2026-08-02T22:13:08+00:00,sgn,Ho Chi Minh City,SFO,SGN,456,STARLUX Airlines,1,2026-08-19,https://www.google.com/travel/flights?q=Flights%20from%20SFO%20to%20SGN%20on%202026-08-19%20one%20way
2026-08-02T22:13:08+00:00,tpe,Taipei,OAK,TPE,410,?,Unknown,2026-08-19,https://www.google.com/travel/flights?q=Flights%20from%20OAK%20to%20TPE%20on%202026-08-19%20one%20way
2026-08-03T11:00:27+00:00,nrt-zg,Tokyo (ZIPAIR),SFO,NRT,284,ZIPAIR Tokyo,0,2026-08-19,https://www.google.com/travel/flights?q=Flights%20from%20SFO%20to%20NRT%20on%202026-08-19%20one%20way
2026-08-03T11:00:27+00:00,nrt-any,Tokyo (any airline),SFO,NRT,284,?,Unknown,2026-08-19,https://www.google.com/travel/flights?q=Flights%20from%20SFO%20to%20NRT%20on%202026-08-19%20one%20way
2026-08-03T11:00:27+00:00,sgn,Ho Chi Minh City,SJC,SGN,484,"Delta, Vietnam Airlines",2,2026-08-19,https://www.google.com/travel/flights?q=Flights%20from%20SJC%20to%20SGN%20on%202026-08-19%20one%20way
2026-08-03T11:00:27+00:00,tpe,Taipei,OAK,TPE,410,"Alaska, Asiana Airlines",2,2026-08-19,https://www.google.com/travel/flights?q=Flights%20from%20OAK%20to%20TPE%20on%202026-08-19%20one%20way
2026-08-03T18:25:31+00:00,nrt-zg,Tokyo (ZIPAIR),SFO,NRT,284,ZIPAIR Tokyo,0,2026-08-19,https://www.google.com/travel/flights?q=Flights%20from%20SFO%20to%20NRT%20on%202026-08-19%20one%20way
2026-08-03T18:25:31+00:00,nrt-any,Tokyo (any airline),SFO,NRT,284,ZIPAIR Tokyo,0,2026-08-19,https://www.google.com/travel/flights?q=Flights%20from%20SFO%20to%20NRT%20on%202026-08-19%20one%20way
2026-08-03T18:25:31+00:00,sgn,Ho Chi Minh City,SFO,SGN,456,STARLUX Airlines,1,2026-08-19,https://www.google.com/travel/flights?q=Flights%20from%20SFO%20to%20SGN%20on%202026-08-19%20one%20way
2026-08-03T18:25:31+00:00,tpe,Taipei,OAK,TPE,410,?,Unknown,2026-08-19,https://www.google.com/travel/flights?q=Flights%20from%20OAK%20to%20TPE%20on%202026-08-19%20one%20way
2026-08-03T22:35:33+00:00,nrt-zg,Tokyo (ZIPAIR),SFO,NRT,284,ZIPAIR Tokyo,0,2026-08-19,https://www.google.com/travel/flights?q=Flights%20from%20SFO%20to%20NRT%20on%202026-08-19%20one%20way
2026-08-03T22:35:33+00:00,nrt-any,Tokyo (any airline),SFO,NRT,284,ZIPAIR Tokyo,0,2026-08-19,https://www.google.com/travel/flights?q=Flights%20from%20SFO%20to%20NRT%20on%202026-08-19%20one%20way
2026-08-03T22:35:33+00:00,sgn,Ho Chi Minh City,SJC,SGN,484,"Delta, Vietnam Airlines",2,2026-08-19,https://www.google.com/travel/flights?q=Flights%20from%20SJC%20to%20SGN%20on%202026-08-19%20one%20way
2026-08-03T22:35:33+00:00,tpe,Taipei,OAK,TPE,410,?,Unknown,2026-08-19,https://www.google.com/travel/flights?q=Flights%20from%20OAK%20to%20TPE%20on%202026-08-19%20one%20way
2026-08-04T08:09:49+00:00,nrt-zg,Tokyo (ZIPAIR),SFO,NRT,284,ZIPAIR Tokyo,0,2026-08-19,https://www.google.com/travel/flights?q=Flights%20from%20SFO%20to%20NRT%20on%202026-08-19%20one%20way
2026-08-04T08:09:49+00:00,nrt-any,Tokyo (any airline),SFO,NRT,284,?,Unknown,2026-08-19,https://www.google.com/travel/flights?q=Flights%20from%20SFO%20to%20NRT%20on%202026-08-19%20one%20way
2026-08-04T08:09:49+00:00,sgn,Ho Chi Minh City,SFO,SGN,456,STARLUX Airlines,1,2026-08-19,https://www.google.com/travel/flights?q=Flights%20from%20SFO%20to%20SGN%20on%202026-08-19%20one%20way
2026-08-04T08:09:49+00:00,tpe,Taipei,OAK,TPE,410,"Alaska, Asiana Airlines",2,2026-08-19,https://www.google.com/travel/flights?q=Flights%20from%20OAK%20to%20TPE%20on%202026-08-19%20one%20way
2026-08-04T16:26:52+00:00,nrt-any,Tokyo (any airline),SFO,NRT,284,ZIPAIR Tokyo,0,2026-08-19,https://www.google.com/travel/flights?q=Flights%20from%20SFO%20to%20NRT%20on%202026-08-19%20one%20way
2026-08-04T16:26:52+00:00,sgn,Ho Chi Minh City,SFO,SGN,456,STARLUX Airlines,1,2026-08-19,https://www.google.com/travel/flights?q=Flights%20from%20SFO%20to%20SGN%20on%202026-08-19%20one%20way
2026-08-04T16:26:52+00:00,tpe,Taipei,OAK,TPE,410,"Alaska, Asiana Airlines",2,2026-08-19,https://www.google.com/travel/flights?q=Flights%20from%20OAK%20to%20TPE%20on%202026-08-19%20one%20way
2026-08-04T20:59:55+00:00,nrt-zg,Tokyo (ZIPAIR),SFO,NRT,284,ZIPAIR Tokyo,0,2026-08-19,https://www.google.com/travel/flights?q=Flights%20from%20SFO%20to%20NRT%20on%202026-08-19%20one%20way
2026-08-04T20:59:55+00:00,nrt-any,Tokyo (any airline),SFO,NRT,284,?,Unknown,2026-08-19,https://www.google.com/travel/flights?q=Flights%20from%20SFO%20to%20NRT%20on%202026-08-19%20one%20way
2026-08-04T20:59:55+00:00,sgn,Ho Chi Minh City,SFO,SGN,456,STARLUX Airlines,1,2026-08-19,https://www.google.com/travel/flights?q=Flights%20from%20SFO%20to%20SGN%20on%202026-08-19%20one%20way
2026-08-04T20:59:55+00:00,tpe,Taipei,OAK,TPE,390,?,Unknown,2026-08-19,https://www.google.com/travel/flights?q=Flights%20from%20OAK%20to%20TPE%20on%202026-08-19%20one%20way
2026-08-05T06:14:10+00:00,nrt-any,Tokyo (any airline),SFO,NRT,284,ZIPAIR Tokyo,0,2026-08-19,https://www.google.com/travel/flights?q=Flights%20from%20SFO%20to%20NRT%20on%202026-08-19%20one%20way
2026-08-05T06:14:10+00:00,sgn,Ho Chi Minh City,SJC,SGN,484,"Delta, Vietnam Airlines",2,2026-08-19,https://www.google.com/travel/flights?q=Flights%20from%20SJC%20to%20SGN%20on%202026-08-19%20one%20way
2026-08-05T06:14:10+00:00,tpe,Taipei,OAK,TPE,390,?,Unknown,2026-08-19,https://www.google.com/travel/flights?q=Flights%20from%20OAK%20to%20TPE%20on%202026-08-19%20one%20way
2026-08-05T13:16:47+00:00,nrt-any,Tokyo (any airline),SFO,NRT,284,ZIPAIR Tokyo,0,2026-08-19,https://www.google.com/travel/flights?q=Flights%20from%20SFO%20to%20NRT%20on%202026-08-19%20one%20way
2026-08-05T13:16:47+00:00,sgn,Ho Chi Minh City,SFO,SGN,453,China Airlines,1,2026-08-19,https://www.google.com/travel/flights?q=Flights%20from%20SFO%20to%20SGN%20on%202026-08-19%20one%20way
2026-08-05T13:16:47+00:00,tpe,Taipei,OAK,TPE,390,?,Unknown,2026-08-19,https://www.google.com/travel/flights?q=Flights%20from%20OAK%20to%20TPE%20on%202026-08-19%20one%20way
2026-08-05T19:04:58+00:00,nrt-zg,Tokyo (ZIPAIR),SFO,NRT,284,ZIPAIR Tokyo,0,2026-08-19,https://www.google.com/travel/flights?q=Flights%20from%20SFO%20to%20NRT%20on%202026-08-19%20one%20way
2026-08-05T19:04:58+00:00,nrt-any,Tokyo (any airline),SFO,NRT,284,ZIPAIR Tokyo,0,2026-08-19,https://www.google.com/travel/flights?q=Flights%20from%20SFO%20to%20NRT%20on%202026-08-19%20one%20way
2026-08-05T19:04:58+00:00,sgn,Ho Chi Minh City,SFO,SGN,453,China Airlines,1,2026-08-19,https://www.google.com/travel/flights?q=Flights%20from%20SFO%20to%20SGN%20on%202026-08-19%20one%20way
2026-08-05T19:04:58+00:00,tpe,Taipei,OAK,TPE,390,"Alaska, Asiana Airlines",2,2026-08-19,https://www.google.com/travel/flights?q=Flights%20from%20OAK%20to%20TPE%20on%202026-08-19%20one%20way
2026-08-05T23:30:11+00:00,nrt-any,Tokyo (any airline),SFO,NRT,284,ZIPAIR Tokyo,0,2026-08-19,https://www.google.com/travel/flights?q=Flights%20from%20SFO%20to%20NRT%20on%202026-08-19%20one%20way
2026-08-05T23:30:11+00:00,sgn,Ho Chi Minh City,SFO,SGN,453,China Airlines,1,2026-08-19,https://www.google.com/travel/flights?q=Flights%20from%20SFO%20to%20SGN%20on%202026-08-19%20one%20way
2026-08-05T23:30:11+00:00,tpe,Taipei,OAK,TPE,390,"Alaska, Asiana Airlines",2,2026-08-19,https://www.google.com/travel/flights?q=Flights%20from%20OAK%20to%20TPE%20on%202026-08-19%20one%20way
2026-08-06T10:13:01+00:00,nrt-zg,Tokyo (ZIPAIR),SFO,NRT,384,ZIPAIR Tokyo,0,2026-08-19,https://www.google.com/travel/flights?q=Flights%20from%20SFO%20to%20NRT%20on%202026-08-19%20one%20way
2026-08-06T10:13:01+00:00,nrt-any,Tokyo (any airline),SFO,NRT,384,?,Unknown,2026-08-19,https://www.google.com/travel/flights?q=Flights%20from%20SFO%20to%20NRT%20on%202026-08-19%20one%20way
2026-08-06T10:13:01+00:00,sgn,Ho Chi Minh City,SFO,SGN,453,China Airlines,1,2026-08-19,https://www.google.com/travel/flights?q=Flights%20from%20SFO%20to%20SGN%20on%202026-08-19%20one%20way
2026-08-06T10:13:01+00:00,tpe,Taipei,OAK,TPE,390,"Alaska, Asiana Airlines",2,2026-08-19,https://www.google.com/travel/flights?q=Flights%20from%20OAK%20to%20TPE%20on%202026-08-19%20one%20way
2026-08-07T01:52:58+00:00,nrt-zg,Tokyo (ZIPAIR),SFO,NRT,384,ZIPAIR Tokyo,0,2026-08-19,https://www.google.com/travel/flights?q=Flights%20from%20SFO%20to%20NRT%20on%202026-08-19%20one%20way
2026-08-07T01:52:58+00:00,nrt-any,Tokyo (any airline),SFO,NRT,384,?,Unknown,2026-08-19,https://www.google.com/travel/flights?q=Flights%20from%20SFO%20to%20NRT%20on%202026-08-19%20one%20way
2026-08-07T01:52:58+00:00,sgn,Ho Chi Minh City,SFO,SGN,453,China Airlines,1,2026-08-19,https://www.google.com/travel/flights?q=Flights%20from%20SFO%20to%20SGN%20on%202026-08-19%20one%20way
2026-08-07T01:52:58+00:00,tpe,Taipei,OAK,TPE,390,"Alaska, Asiana Airlines",2,2026-08-19,https://www.google.com/travel/flights?q=Flights%20from%20OAK%20to%20TPE%20on%202026-08-19%20one%20way
2026-08-07T06:12:14+00:00,nrt-zg,Tokyo (ZIPAIR),SFO,NRT,384,ZIPAIR Tokyo,0,2026-08-19,https://www.google.com/travel/flights?q=Flights%20from%20SFO%20to%20NRT%20on%202026-08-19%20one%20way
2026-08-07T06:12:14+00:00,nrt-any,Tokyo (any airline),SFO,NRT,384,ZIPAIR Tokyo,0,2026-08-19,https://www.google.com/travel/flights?q=Flights%20from%20SFO%20to%20NRT%20on%202026-08-19%20one%20way
2026-08-07T06:12:14+00:00,sgn,Ho Chi Minh City,SFO,SGN,453,China Airlines,1,2026-08-19,https://www.google.com/travel/flights?q=Flights%20from%20SFO%20to%20SGN%20on%202026-08-19%20one%20way
2026-08-07T06:12:14+00:00,tpe,Taipei,OAK,TPE,390,"Alaska, Asiana Airlines",2,2026-08-19,https://www.google.com/travel/flights?q=Flights%20from%20OAK%20to%20TPE%20on%202026-08-19%20one%20way
2026-08-07T10:14:02+00:00,nrt-any,Tokyo (any airline),SFO,NRT,384,ZIPAIR Tokyo,0,2026-08-19,https://www.google.com/travel/flights?q=Flights%20from%20SFO%20to%20NRT%20on%202026-08-19%20one%20way
2026-08-07T10:14:02+00:00,sgn,Ho Chi Minh City,SFO,SGN,453,China Airlines,1,2026-08-19,https://www.google.com/travel/flights?q=Flights%20from%20SFO%20to%20SGN%20on%202026-08-19%20one%20way
2026-08-07T10:14:02+00:00,tpe,Taipei,OAK,TPE,390,"Alaska, Asiana Airlines",2,2026-08-19,https://www.google.com/travel/flights?q=Flights%20from%20OAK%20to%20TPE%20on%202026-08-19%20one%20way
2026-08-07T14:34:04+00:00,nrt-zg,Tokyo (ZIPAIR),SFO,NRT,384,ZIPAIR Tokyo,0,2026-08-19,https://www.google.com/travel/flights?q=Flights%20from%20SFO%20to%20NRT%20on%202026-08-19%20one%20way
2026-08-07T14:34:04+00:00,nrt-any,Tokyo (any airline),SFO,NRT,384,?,Unknown,2026-08-19,https://www.google.com/travel/flights?q=Flights%20from%20SFO%20to%20NRT%20on%202026-08-19%20one%20way
2026-08-07T14:34:04+00:00,sgn,Ho Chi Minh City,SJC,SGN,456,"Delta, Vietnam Airlines",2,2026-08-19,https://www.google.com/travel/flights?q=Flights%20from%20SJC%20to%20SGN%20on%202026-08-19%20one%20way
2026-08-07T14:34:04+00:00,tpe,Taipei,OAK,TPE,390,"Alaska, Asiana Airlines",2,2026-08-19,https://www.google.com/travel/flights?q=Flights%20from%20OAK%20to%20TPE%20on%202026-08-19%20one%20way
2026-08-07T17:35:56+00:00,nrt-zg,Tokyo (ZIPAIR),SFO,NRT,384,ZIPAIR Tokyo,0,2026-08-19,https://www.google.com/travel/flights?q=Flights%20from%20SFO%20to%20NRT%20on%202026-08-19%20one%20way
2026-08-07T17:35:56+00:00,nrt-any,Tokyo (any airline),SFO,NRT,384,ZIPAIR Tokyo,0,2026-08-19,https://www.google.com/travel/flights?q=Flights%20from%20SFO%20to%20NRT%20on%202026-08-19%20one%20way
2026-08-07T17:35:56+00:00,sgn,Ho Chi Minh City,SFO,SGN,453,China Airlines,1,2026-08-19,https://www.google.com/travel/flights?q=Flights%20from%20SFO%20to%20SGN%20on%202026-08-19%20one%20way
2026-08-07T17:35:56+00:00,tpe,Taipei,OAK,TPE,390,?,Unknown,2026-08-19,https://www.google.com/travel/flights?q=Flights%20from%20OAK%20to%20TPE%20on%202026-08-19%20one%20way
2026-08-07T20:03:46+00:00,nrt-zg,Tokyo (ZIPAIR),SFO,NRT,384,ZIPAIR Tokyo,0,2026-08-19,https://www.google.com/travel/flights?q=Flights%20from%20SFO%20to%20NRT%20on%202026-08-19%20one%20way
2026-08-07T20:03:46+00:00,nrt-any,Tokyo (any airline),SFO,NRT,384,ZIPAIR Tokyo,0,2026-08-19,https://www.google.com/travel/flights?q=Flights%20from%20SFO%20to%20NRT%20on%202026-08-19%20one%20way
2026-08-07T20:03:46+00:00,sgn,Ho Chi Minh City,SJC,SGN,456,"Delta, Vietnam Airlines",2,2026-08-19,https://www.google.com/travel/flights?q=Flights%20from%20SJC%20to%20SGN%20on%202026-08-19%20one%20way
2026-08-07T20:03:46+00:00,tpe,Taipei,OAK,TPE,390,?,Unknown,2026-08-19,https://www.google.com/travel/flights?q=Flights%20from%20OAK%20to%20TPE%20on%202026-08-19%20one%20way
2026-08-07T22:59:51+00:00,nrt-zg,Tokyo (ZIPAIR),SFO,NRT,384,ZIPAIR Tokyo,0,2026-08-19,https://www.google.com/travel/flights?q=Flights%20from%20SFO%20to%20NRT%20on%202026-08-19%20one%20way
2026-08-07T22:59:51+00:00,nrt-any,Tokyo (any airline),SFO,NRT,384,?,Unknown,2026-08-19,https://www.google.com/travel/flights?q=Flights%20from%20SFO%20to%20NRT%20on%202026-08-19%20one%20way
2026-08-07T22:59:51+00:00,sgn,Ho Chi Minh City,SJC,SGN,456,"Delta, Vietnam Airlines",2,2026-08-19,https://www.google.com/travel/flights?q=Flights%20from%20SJC%20to%20SGN%20on%202026-08-19%20one%20way
2026-08-07T22:59:51+00:00,tpe,Taipei,SFO,TPE,415,?,Unknown,2026-08-19,https://www.google.com/travel/flights?q=Flights%20from%20SFO%20to%20TPE%20on%202026-08-19%20one%20way
2026-08-08T00:05:20+00:00,nrt-zg,Tokyo (ZIPAIR),SFO,NRT,384,ZIPAIR Tokyo,0,2026-08-19,https://www.google.com/travel/flights?q=Flights%20from%20SFO%20to%20NRT%20on%202026-08-19%20one%20way
2026-08-08T00:05:20+00:00,nrt-any,Tokyo (any airline),SFO,NRT,384,?,Unknown,2026-08-19,https://www.google.com/travel/flights?q=Flights%20from%20SFO%20to%20NRT%20on%202026-08-19%20one%20way
2026-08-08T00:05:20+00:00,sgn,Ho Chi Minh City,SJC,SGN,456,"Delta, Vietnam Airlines",2,2026-08-19,https://www.google.com/travel/flights?q=Flights%20from%20SJC%20to%20SGN%20on%202026-08-19%20one%20way
2026-08-08T00:05:20+00:00,tpe,Taipei,SFO,TPE,419,Delta,2,2026-08-19,https://www.google.com/travel/flights?q=Flights%20from%20SFO%20to%20TPE%20on%202026-08-19%20one%20way
2026-08-08T04:37:03+00:00,nrt-zg,Tokyo (ZIPAIR),SFO,NRT,384,ZIPAIR Tokyo,0,2026-08-19,https://www.google.com/travel/flights?q=Flights%20from%20SFO%20to%20NRT%20on%202026-08-19%20one%20way
2026-08-08T04:37:03+00:00,nrt-any,Tokyo (any airline),SFO,NRT,384,ZIPAIR Tokyo,0,2026-08-19,https://www.google.com/travel/flights?q=Flights%20from%20SFO%20to%20NRT%20on%202026-08-19%20one%20way
2026-08-08T04:37:03+00:00,sgn,Ho Chi Minh City,SFO,SGN,453,China Airlines,1,2026-08-19,https://www.google.com/travel/flights?q=Flights%20from%20SFO%20to%20SGN%20on%202026-08-19%20one%20way
2026-08-08T04:37:03+00:00,tpe,Taipei,SFO,TPE,415,United,0,2026-08-19,https://www.google.com/travel/flights?q=Flights%20from%20SFO%20to%20TPE%20on%202026-08-19%20one%20way
2026-08-08T07:36:50+00:00,nrt-zg,Tokyo (ZIPAIR),SFO,NRT,384,ZIPAIR Tokyo,0,2026-08-19,https://www.google.com/travel/flights?q=Flights%20from%20SFO%20to%20NRT%20on%202026-08-19%20one%20way
2026-08-08T07:36:50+00:00,nrt-any,Tokyo (any airline),SFO,NRT,384,ZIPAIR Tokyo,0,2026-08-19,https://www.google.com/travel/flights?q=Flights%20from%20SFO%20to%20NRT%20on%202026-08-19%20one%20way
2026-08-08T07:36:50+00:00,sgn,Ho Chi Minh City,SFO,SGN,453,China Airlines,1,2026-08-19,https://www.google.com/travel/flights?q=Flights%20from%20SFO%20to%20SGN%20on%202026-08-19%20one%20way
2026-08-08T07:36:50+00:00,tpe,Taipei,SFO,TPE,415,?,Unknown,2026-08-19,https://www.google.com/travel/flights?q=Flights%20from%20SFO%20to%20TPE%20on%202026-08-19%20one%20way
2026-08-08T09:58:30+00:00,nrt-zg,Tokyo (ZIPAIR),SFO,NRT,384,ZIPAIR Tokyo,0,2026-08-19,https://www.google.com/travel/flights?q=Flights%20from%20SFO%20to%20NRT%20on%202026-08-19%20one%20way
2026-08-08T09:58:30+00:00,nrt-any,Tokyo (any airline),SFO,NRT,384,ZIPAIR Tokyo,0,2026-08-19,https://www.google.com/travel/flights?q=Flights%20from%20SFO%20to%20NRT%20on%202026-08-19%20one%20way
2026-08-08T09:58:30+00:00,sgn,Ho Chi Minh City,SFO,SGN,453,China Airlines,1,2026-08-19,https://www.google.com/travel/flights?q=Flights%20from%20SFO%20to%20SGN%20on%202026-08-19%20one%20way
2026-08-08T09:58:30+00:00,tpe,Taipei,SFO,TPE,415,United,0,2026-08-19,https://www.google.com/travel/flights?q=Flights%20from%20SFO%20to%20TPE%20on%202026-08-19%20one%20way
2026-08-08T11:05:39+00:00,nrt-any,Tokyo (any airline),SFO,NRT,384,?,Unknown,2026-08-19,https://www.google.com/travel/flights?q=Flights%20from%20SFO%20to%20NRT%20on%202026-08-19%20one%20way
2026-08-08T11:05:39+00:00,sgn,Ho Chi Minh City,SFO,SGN,453,China Airlines,1,2026-08-19,https://www.google.com/travel/flights?q=Flights%20from%20SFO%20to%20SGN%20on%202026-08-19%20one%20way
2026-08-08T11:05:39+00:00,tpe,Taipei,SFO,TPE,415,?,Unknown,2026-08-19,https://www.google.com/travel/flights?q=Flights%20from%20SFO%20to%20TPE%20on%202026-08-19%20one%20way
2026-08-08T14:05:08+00:00,nrt-any,Tokyo (any airline),SFO,NRT,384,ZIPAIR Tokyo,0,2026-08-19,https://www.google.com/travel/flights?q=Flights%20from%20SFO%20to%20NRT%20on%202026-08-19%20one%20way
2026-08-08T14:05:08+00:00,sgn,Ho Chi Minh City,SJC,SGN,456,"Delta, Vietnam Airlines",2,2026-08-19,https://www.google.com/travel/flights?q=Flights%20from%20SJC%20to%20SGN%20on%202026-08-19%20one%20way
2026-08-08T14:05:08+00:00,tpe,Taipei,SFO,TPE,415,?,Unknown,2026-08-19,https://www.google.com/travel/flights?q=Flights%20from%20SFO%20to%20TPE%20on%202026-08-19%20one%20way
2026-08-08T15:59:53+00:00,nrt-zg,Tokyo (ZIPAIR),SFO,NRT,384,ZIPAIR Tokyo,0,2026-08-19,https://www.google.com/travel/flights?q=Flights%20from%20SFO%20to%20NRT%20on%202026-08-19%20one%20way
2026-08-08T15:59:53+00:00,nrt-any,Tokyo (any airline),SFO,NRT,384,ZIPAIR Tokyo,0,2026-08-19,https://www.google.com/travel/flights?q=Flights%20from%20SFO%20to%20NRT%20on%202026-08-19%20one%20way
2026-08-08T15:59:53+00:00,sgn,Ho Chi Minh City,SFO,SGN,453,China Airlines,1,2026-08-19,https://www.google.com/travel/flights?q=Flights%20from%20SFO%20to%20SGN%20on%202026-08-19%20one%20way
2026-08-08T15:59:53+00:00,tpe,Taipei,SFO,TPE,415,?,Unknown,2026-08-19,https://www.google.com/travel/flights?q=Flights%20from%20SFO%20to%20TPE%20on%202026-08-19%20one%20way
2026-08-08T17:16:44+00:00,nrt-zg,Tokyo (ZIPAIR),SFO,NRT,384,ZIPAIR Tokyo,0,2026-08-19,https://www.google.com/travel/flights?q=Flights%20from%20SFO%20to%20NRT%20on%202026-08-19%20one%20way
2026-08-08T17:16:44+00:00,nrt-any,Tokyo (any airline),SFO,NRT,384,?,Unknown,2026-08-19,https://www.google.com/travel/flights?q=Flights%20from%20SFO%20to%20NRT%20on%202026-08-19%20one%20way
2026-08-08T17:16:44+00:00,tpe,Taipei,SFO,TPE,415,United,0,2026-08-19,https://www.google.com/travel/flights?q=Flights%20from%20SFO%20to%20TPE%20on%202026-08-19%20one%20way
2026-08-08T19:18:30+00:00,nrt-zg,Tokyo (ZIPAIR),SFO,NRT,384,ZIPAIR Tokyo,0,2026-08-19,https://www.google.com/travel/flights?q=Flights%20from%20SFO%20to%20NRT%20on%202026-08-19%20one%20way
2026-08-08T19:18:30+00:00,nrt-any,Tokyo (any airline),SFO,NRT,384,ZIPAIR Tokyo,0,2026-08-19,https://www.google.com/travel/flights?q=Flights%20from%20SFO%20to%20NRT%20on%202026-08-19%20one%20way
2026-08-08T19:18:30+00:00,tpe,Taipei,SFO,TPE,415,United,0,2026-08-19,https://www.google.com/travel/flights?q=Flights%20from%20SFO%20to%20TPE%20on%202026-08-19%20one%20way
2026-08-08T21:04:13+00:00,nrt-zg,Tokyo (ZIPAIR),SFO,NRT,384,ZIPAIR Tokyo,0,2026-08-19,https://www.google.com/travel/flights?q=Flights%20from%20SFO%20to%20NRT%20on%202026-08-19%20one%20way
2026-08-08T21:04:13+00:00,nrt-any,Tokyo (any airline),SFO,NRT,384,?,Unknown,2026-08-19,https://www.google.com/travel/flights?q=Flights%20from%20SFO%20to%20NRT%20on%202026-08-19%20one%20way
2026-08-08T21:04:13+00:00,sgn,Ho Chi Minh City,OAK,SGN,644,"Alaska, Cathay Pacific, Vietnam Airlines",2,2026-08-19,https://www.google.com/travel/flights?q=Flights%20from%20OAK%20to%20SGN%20on%202026-08-19%20one%20way
2026-08-08T21:04:13+00:00,tpe,Taipei,SFO,TPE,415,United,0,2026-08-19,https://www.google.com/travel/flights?q=Flights%20from%20SFO%20to%20TPE%20on%202026-08-19%20one%20way
2026-08-08T23:02:36+00:00,nrt-any,Tokyo (any airline),OAK,NRT,538,"Alaska, JAL",1,2026-08-19,https://www.google.com/travel/flights?q=Flights%20from%20OAK%20to%20NRT%20on%202026-08-19%20one%20way
2026-08-08T23:02:36+00:00,tpe,Taipei,SFO,TPE,415,United,0,2026-08-19,https://www.google.com/travel/flights?q=Flights%20from%20SFO%20to%20TPE%20on%202026-08-19%20one%20way
2026-08-09T04:42:01+00:00,nrt-any,Tokyo (any airline),SFO,NRT,384,?,Unknown,2026-08-19,https://www.google.com/travel/flights?q=Flights%20from%20SFO%20to%20NRT%20on%202026-08-19%20one%20way
2026-08-09T04:42:01+00:00,sgn,Ho Chi Minh City,SFO,SGN,453,China Airlines,1,2026-08-19,https://www.google.com/travel/flights?q=Flights%20from%20SFO%20to%20SGN%20on%202026-08-19%20one%20way
2026-08-09T04:42:01+00:00,tpe,Taipei,SFO,TPE,415,?,Unknown,2026-08-19,https://www.google.com/travel/flights?q=Flights%20from%20SFO%20to%20TPE%20on%202026-08-19%20one%20way
2026-08-09T07:57:28+00:00,nrt-zg,Tokyo (ZIPAIR),SFO,NRT,384,ZIPAIR Tokyo,0,2026-08-19,https://www.google.com/travel/flights?q=Flights%20from%20SFO%20to%20NRT%20on%202026-08-19%20one%20way
2026-08-09T07:57:28+00:00,nrt-any,Tokyo (any airline),SFO,NRT,384,?,Unknown,2026-08-19,https://www.google.com/travel/flights?q=Flights%20from%20SFO%20to%20NRT%20on%202026-08-19%20one%20way
2026-08-09T07:57:28+00:00,sgn,Ho Chi Minh City,SJC,SGN,456,"Delta, Vietnam Airlines",2,2026-08-19,https://www.google.com/travel/flights?q=Flights%20from%20SJC%20to%20SGN%20on%202026-08-19%20one%20way
2026-08-09T07:57:28+00:00,tpe,Taipei,SFO,TPE,415,United,0,2026-08-19,https://www.google.com/travel/flights?q=Flights%20from%20SFO%20to%20TPE%20on%202026-08-19%20one%20way
2026-08-09T10:03:08+00:00,nrt-any,Tokyo (any airline),SFO,NRT,384,?,Unknown,2026-08-19,https://www.google.com/travel/flights?q=Flights%20from%20SFO%20to%20NRT%20on%202026-08-19%20one%20way
2026-08-09T10:03:08+00:00,sgn,Ho Chi Minh City,SFO,SGN,453,China Airlines,1,2026-08-19,https://www.google.com/travel/flights?q=Flights%20from%20SFO%20to%20SGN%20on%202026-08-19%20one%20way
2026-08-09T10:03:08+00:00,tpe,Taipei,SFO,TPE,415,United,0,2026-08-19,https://www.google.com/travel/flights?q=Flights%20from%20SFO%20to%20TPE%20on%202026-08-19%20one%20way
2026-08-09T11:59:41+00:00,nrt-zg,Tokyo (ZIPAIR),SFO,NRT,384,ZIPAIR Tokyo,0,2026-08-19,https://www.google.com/travel/flights?q=Flights%20from%20SFO%20to%20NRT%20on%202026-08-19%20one%20way
2026-08-09T11:59:41+00:00,nrt-any,Tokyo (any airline),SFO,NRT,384,ZIPAIR Tokyo,0,2026-08-19,https://www.google.com/travel/flights?q=Flights%20from%20SFO%20to%20NRT%20on%202026-08-19%20one%20way
2026-08-09T11:59:41+00:00,sgn,Ho Chi Minh City,SFO,SGN,453,China Airlines,1,2026-08-19,https://www.google.com/travel/flights?q=Flights%20from%20SFO%20to%20SGN%20on%202026-08-19%20one%20way
2026-08-09T11:59:41+00:00,tpe,Taipei,SFO,TPE,415,United,0,2026-08-19,https://www.google.com/travel/flights?q=Flights%20from%20SFO%20to%20TPE%20on%202026-08-19%20one%20way
2026-08-09T14:07:16+00:00,nrt-any,Tokyo (any airline),SFO,NRT,384,?,Unknown,2026-08-19,https://www.google.com/travel/flights?q=Flights%20from%20SFO%20to%20NRT%20on%202026-08-19%20one%20way
2026-08-09T14:07:16+00:00,sgn,Ho Chi Minh City,SJC,SGN,456,"Delta, Vietnam Airlines",2,2026-08-19,https://www.google.com/travel/flights?q=Flights%20from%20SJC%20to%20SGN%20on%202026-08-19%20one%20way
2026-08-09T14:07:16+00:00,tpe,Taipei,SFO,TPE,415,United,0,2026-08-19,https://www.google.com/travel/flights?q=Flights%20from%20SFO%20to%20TPE%20on%202026-08-19%20one%20way
2026-08-09T16:02:46+00:00,nrt-any,Tokyo (any airline),SFO,NRT,384,ZIPAIR Tokyo,0,2026-08-19,https://www.google.com/travel/flights?q=Flights%20from%20SFO%20to%20NRT%20on%202026-08-19%20one%20way
2026-08-09T16:02:46+00:00,sgn,Ho Chi Minh City,SFO,SGN,453,China Airlines,1,2026-08-19,https://www.google.com/travel/flights?q=Flights%20from%20SFO%20to%20SGN%20on%202026-08-19%20one%20way
2026-08-09T16:02:46+00:00,tpe,Taipei,SFO,TPE,415,?,Unknown,2026-08-19,https://www.google.com/travel/flights?q=Flights%20from%20SFO%20to%20TPE%20on%202026-08-19%20one%20way
2026-08-09T18:03:41+00:00,nrt-zg,Tokyo (ZIPAIR),SFO,NRT,384,ZIPAIR Tokyo,0,2026-08-19,https://www.google.com/travel/flights?q=Flights%20from%20SFO%20to%20NRT%20on%202026-08-19%20one%20way
2026-08-09T18:03:41+00:00,nrt-any,Tokyo (any airline),SFO,NRT,384,ZIPAIR Tokyo,0,2026-08-19,https://www.google.com/travel/flights?q=Flights%20from%20SFO%20to%20NRT%20on%202026-08-19%20one%20way
2026-08-09T18:03:41+00:00,sgn,Ho Chi Minh City,SFO,SGN,453,China Airlines,1,2026-08-19,https://www.google.com/travel/flights?q=Flights%20from%20SFO%20to%20SGN%20on%202026-08-19%20one%20way
2026-08-09T18:03:41+00:00,tpe,Taipei,SFO,TPE,415,?,Unknown,2026-08-19,https://www.google.com/travel/flights?q=Flights%20from%20SFO%20to%20TPE%20on%202026-08-19%20one%20way
2026-08-09T20:02:25+00:00,nrt-zg,Tokyo (ZIPAIR),SFO,NRT,384,ZIPAIR Tokyo,0,2026-08-19,https://www.google.com/travel/flights?q=Flights%20from%20SFO%20to%20NRT%20on%202026-08-19%20one%20way
2026-08-09T20:02:25+00:00,nrt-any,Tokyo (any airline),SFO,NRT,384,?,Unknown,2026-08-19,https://www.google.com/travel/flights?q=Flights%20from%20SFO%20to%20NRT%20on%202026-08-19%20one%20way
2026-08-09T20:02:25+00:00,sgn,Ho Chi Minh City,SFO,SGN,453,China Airlines,1,2026-08-19,https://www.google.com/travel/flights?q=Flights%20from%20SFO%20to%20SGN%20on%202026-08-19%20one%20way
2026-08-09T20:02:25+00:00,tpe,Taipei,SFO,TPE,415,United,0,2026-08-19,https://www.google.com/travel/flights?q=Flights%20from%20SFO%20to%20TPE%20on%202026-08-19%20one%20way
2026-08-09T22:02:15+00:00,nrt-any,Tokyo (any airline),SFO,NRT,384,ZIPAIR Tokyo,0,2026-08-19,https://www.google.com/travel/flights?q=Flights%20from%20SFO%20to%20NRT%20on%202026-08-19%20one%20way
2026-08-09T22:02:15+00:00,sgn,Ho Chi Minh City,SFO,SGN,453,China Airlines,1,2026-08-19,https://www.google.com/travel/flights?q=Flights%20from%20SFO%20to%20SGN%20on%202026-08-19%20one%20way
2026-08-09T22:02:15+00:00,tpe,Taipei,SFO,TPE,415,?,Unknown,2026-08-19,https://www.google.com/travel/flights?q=Flights%20from%20SFO%20to%20TPE%20on%202026-08-19%20one%20way
2026-08-10T00:03:03+00:00,nrt-zg,Tokyo (ZIPAIR),SFO,NRT,384,ZIPAIR Tokyo,0,2026-08-19,https://www.google.com/travel/flights?q=Flights%20from%20SFO%20to%20NRT%20on%202026-08-19%20one%20way
2026-08-10T00:03:03+00:00,nrt-any,Tokyo (any airline),SFO,NRT,384,?,Unknown,2026-08-19,https://www.google.com/travel/flights?q=Flights%20from%20SFO%20to%20NRT%20on%202026-08-19%20one%20way
2026-08-10T00:03:03+00:00,sgn,Ho Chi Minh City,SFO,SGN,453,China Airlines,1,2026-08-19,https://www.google.com/travel/flights?q=Flights%20from%20SFO%20to%20SGN%20on%202026-08-19%20one%20way
2026-08-10T00:03:03+00:00,tpe,Taipei,SFO,TPE,415,United,0,2026-08-19,https://www.google.com/travel/flights?q=Flights%20from%20SFO%20to%20TPE%20on%202026-08-19%20one%20way
2026-08-10T05:59:35+00:00,nrt-zg,Tokyo (ZIPAIR),SFO,NRT,384,ZIPAIR Tokyo,0,2026-08-19,https://www.google.com/travel/flights?q=Flights%20from%20SFO%20to%20NRT%20on%202026-08-19%20one%20way
2026-08-10T05:59:35+00:00,nrt-any,Tokyo (any airline),SFO,NRT,384,ZIPAIR Tokyo,0,2026-08-19,https://www.google.com/travel/flights?q=Flights%20from%20SFO%20to%20NRT%20on%202026-08-19%20one%20way
2026-08-10T05:59:35+00:00,sgn,Ho Chi Minh City,SJC,SGN,456,"Delta, Vietnam Airlines",2,2026-08-19,https://www.google.com/travel/flights?q=Flights%20from%20SJC%20to%20SGN%20on%202026-08-19%20one%20way
2026-08-10T05:59:35+00:00,tpe,Taipei,SFO,TPE,415,United,0,2026-08-19,https://www.google.com/travel/flights?q=Flights%20from%20SFO%20to%20TPE%20on%202026-08-19%20one%20way
2026-08-10T10:40:19+00:00,nrt-zg,Tokyo (ZIPAIR),SFO,NRT,384,ZIPAIR Tokyo,0,2026-08-19,https://www.google.com/travel/flights?q=Flights%20from%20SFO%20to%20NRT%20on%202026-08-19%20one%20way
2026-08-10T10:40:19+00:00,nrt-any,Tokyo (any airline),SFO,NRT,384,ZIPAIR Tokyo,0,2026-08-19,https://www.google.com/travel/flights?q=Flights%20from%20SFO%20to%20NRT%20on%202026-08-19%20one%20way
2026-08-10T10:40:19+00:00,sgn,Ho Chi Minh City,SFO,SGN,453,China Airlines,1,2026-08-19,https://www.google.com/travel/flights?q=Flights%20from%20SFO%20to%20SGN%20on%202026-08-19%20one%20way
2026-08-10T10:40:19+00:00,tpe,Taipei,SFO,TPE,415,United,0,2026-08-19,https://www.google.com/travel/flights?q=Flights%20from%20SFO%20to%20TPE%20on%202026-08-19%20one%20way
2026-08-10T14:40:38+00:00,nrt-any,Tokyo (any airline),SFO,NRT,384,ZIPAIR Tokyo,0,2026-08-19,https://www.google.com/travel/flights?q=Flights%20from%20SFO%20to%20NRT%20on%202026-08-19%20one%20way
2026-08-10T14:40:38+00:00,sgn,Ho Chi Minh City,SJC,SGN,456,"Delta, Vietnam Airlines",2,2026-08-19,https://www.google.com/travel/flights?q=Flights%20from%20SJC%20to%20SGN%20on%202026-08-19%20one%20way
2026-08-10T14:40:38+00:00,tpe,Taipei,OAK,TPE,400,"Alaska, Asiana Airlines",2,2026-08-19,https://www.google.com/travel/flights?q=Flights%20from%20OAK%20to%20TPE%20on%202026-08-19%20one%20way
2026-08-10T17:40:14+00:00,nrt-zg,Tokyo (ZIPAIR),SFO,NRT,384,ZIPAIR Tokyo,0,2026-08-19,https://www.google.com/travel/flights?q=Flights%20from%20SFO%20to%20NRT%20on%202026-08-19%20one%20way
2026-08-10T17:40:14+00:00,nrt-any,Tokyo (any airline),SFO,NRT,384,ZIPAIR Tokyo,0,2026-08-19,https://www.google.com/travel/flights?q=Flights%20from%20SFO%20to%20NRT%20on%202026-08-19%20one%20way
2026-08-10T17:40:14+00:00,sgn,Ho Chi Minh City,OAK,SGN,644,"Alaska, Cathay Pacific, Vietnam Airlines",2,2026-08-19,https://www.google.com/travel/flights?q=Flights%20from%20OAK%20to%20SGN%20on%202026-08-19%20one%20way
2026-08-10T17:40:14+00:00,tpe,Taipei,OAK,TPE,400,?,Unknown,2026-08-19,https://www.google.com/travel/flights?q=Flights%20from%20OAK%20to%20TPE%20on%202026-08-19%20one%20way
2026-08-10T20:08:47+00:00,nrt-zg,Tokyo (ZIPAIR),SFO,NRT,384,ZIPAIR Tokyo,0,2026-08-19,https://www.google.com/travel/flights?q=Flights%20from%20SFO%20to%20NRT%20on%202026-08-19%20one%20way
2026-08-10T20:08:47+00:00,nrt-any,Tokyo (any airline),SFO,NRT,384,ZIPAIR Tokyo,0,2026-08-19,https://www.google.com/travel/flights?q=Flights%20from%20SFO%20to%20NRT%20on%202026-08-19%20one%20way
2026-08-10T20:08:47+00:00,sgn,Ho Chi Minh City,SFO,SGN,453,China Airlines,1,2026-08-19,https://www.google.com/travel/flights?q=Flights%20from%20SFO%20to%20SGN%20on%202026-08-19%20one%20way
2026-08-10T20:08:47+00:00,tpe,Taipei,SFO,TPE,415,United,0,2026-08-19,https://www.google.com/travel/flights?q=Flights%20from%20SFO%20to%20TPE%20on%202026-08-19%20one%20way
2026-08-10T23:05:31+00:00,nrt-zg,Tokyo (ZIPAIR),SFO,NRT,384,ZIPAIR Tokyo,0,2026-08-19,https://www.google.com/travel/flights?q=Flights%20from%20SFO%20to%20NRT%20on%202026-08-19%20one%20way
2026-08-10T23:05:31+00:00,nrt-any,Tokyo (any airline),SFO,NRT,384,?,Unknown,2026-08-19,https://www.google.com/travel/flights?q=Flights%20from%20SFO%20to%20NRT%20on%202026-08-19%20one%20way
2026-08-10T23:05:31+00:00,sgn,Ho Chi Minh City,SFO,SGN,453,China Airlines,1,2026-08-19,https://www.google.com/travel/flights?q=Flights%20from%20SFO%20to%20SGN%20on%202026-08-19%20one%20way
2026-08-10T23:05:31+00:00,tpe,Taipei,SFO,TPE,415,United,0,2026-08-19,https://www.google.com/travel/flights?q=Flights%20from%20SFO%20to%20TPE%20on%202026-08-19%20one%20way
2026-08-11T04:49:41+00:00,nrt-zg,Tokyo (ZIPAIR),SFO,NRT,384,ZIPAIR Tokyo,0,2026-08-19,https://www.google.com/travel/flights?q=Flights%20from%20SFO%20to%20NRT%20on%202026-08-19%20one%20way
2026-08-11T04:49:41+00:00,nrt-any,Tokyo (any airline),SFO,NRT,384,?,Unknown,2026-08-19,https://www.google.com/travel/flights?q=Flights%20from%20SFO%20to%20NRT%20on%202026-08-19%20one%20way
2026-08-11T04:49:41+00:00,sgn,Ho Chi Minh City,SJC,SGN,456,"Delta, Vietnam Airlines",2,2026-08-19,https://www.google.com/travel/flights?q=Flights%20from%20SJC%20to%20SGN%20on%202026-08-19%20one%20way
2026-08-11T04:49:41+00:00,tpe,Taipei,SFO,TPE,415,United,0,2026-08-19,https://www.google.com/travel/flights?q=Flights%20from%20SFO%20to%20TPE%20on%202026-08-19%20one%20way
